Category_Type,Main_Category,Subcategory,Rank,Word,Count,Percentage,Total_Words_in_Category,Total_Segments
Main,Narrator,,1,che,54,4.2,1285,100
Main,Narrator,,2,e,44,3.42,1285,100
Main,Narrator,,3,non,37,2.88,1285,100
Main,Narrator,,4,era,18,1.4,1285,100
Main,Narrator,,5,ma,17,1.32,1285,100
Main,Narrator,,6,mi,17,1.32,1285,100
Main,Narrator,,7,l,16,1.25,1285,100
Main,Narrator,,8,più,14,1.09,1285,100
Main,Narrator,,9,quel,13,1.01,1285,100
Main,Narrator,,10,si,12,0.93,1285,100
Main,Narrator,,11,forse,9,0.7,1285,100
Main,Narrator,,12,soltanto,9,0.7,1285,100
Main,Narrator,,13,ho,8,0.62,1285,100
Main,Narrator,,14,quella,8,0.62,1285,100
Main,Narrator,,15,o,8,0.62,1285,100
Main,Narrator,,16,questo,8,0.62,1285,100
Main,Narrator,,17,questa,7,0.54,1285,100
Main,Narrator,,18,i,7,0.54,1285,100
Main,Narrator,,19,avrei,7,0.54,1285,100
Main,Narrator,,20,mai,7,0.54,1285,100
Main,Narrator,,21,troppo,7,0.54,1285,100
Main,Narrator,,22,dopo,7,0.54,1285,100
Main,Narrator,,23,quando,7,0.54,1285,100
Main,Narrator,,24,io,6,0.47,1285,100
Main,Narrator,,25,erano,6,0.47,1285,100
Main,Narrator,,26,già,6,0.47,1285,100
Main,Narrator,,27,mia,6,0.47,1285,100
Main,Narrator,,28,ora,6,0.47,1285,100
Main,Narrator,,29,lei,6,0.47,1285,100
Main,Narrator,,30,ero,6,0.47,1285,100
Main,Narrator,,31,ne,6,0.47,1285,100
Main,Narrator,,32,ti,6,0.47,1285,100
Main,Narrator,,33,tutte,6,0.47,1285,100
Main,Narrator,,34,è,5,0.39,1285,100
Main,Narrator,,35,me,5,0.39,1285,100
Main,Narrator,,36,così,5,0.39,1285,100
Main,Narrator,,37,tutto,5,0.39,1285,100
Main,Narrator,,38,ancora,5,0.39,1285,100
Main,Narrator,,39,donna,5,0.39,1285,100
Main,Narrator,,40,momento,5,0.39,1285,100
Main,Narrator,,41,anche,5,0.39,1285,100
Main,Narrator,,42,potevo,5,0.39,1285,100
Main,Narrator,,43,ogni,4,0.31,1285,100
Main,Narrator,,44,notte,4,0.31,1285,100
Main,Narrator,,45,come,4,0.31,1285,100
Main,Narrator,,46,avevo,4,0.31,1285,100
Main,Narrator,,47,suppongo,4,0.31,1285,100
Main,Narrator,,48,cosa,4,0.31,1285,100
Main,Narrator,,49,avrebbe,4,0.31,1285,100
Main,Narrator,,50,pensieri,4,0.31,1285,100
Main,Narrator,,51,sentivo,4,0.31,1285,100
Main,Narrator,,52,loro,4,0.31,1285,100
Main,Narrator,,53,qualcosa,4,0.31,1285,100
Main,Narrator,,54,forza,4,0.31,1285,100
Main,Narrator,,55,poi,4,0.31,1285,100
Main,Narrator,,56,ecco,4,0.31,1285,100
Main,Narrator,,57,sempre,4,0.31,1285,100
Main,Narrator,,58,dall,3,0.23,1285,100
Main,Narrator,,59,suo,3,0.23,1285,100
Main,Narrator,,60,ed,3,0.23,1285,100
Main,Narrator,,61,seppi,3,0.23,1285,100
Main,Narrator,,62,ci,3,0.23,1285,100
Main,Narrator,,63,prima,3,0.23,1285,100
Main,Narrator,,64,senza,3,0.23,1285,100
Main,Narrator,,65,parole,3,0.23,1285,100
Main,Narrator,,66,stava,3,0.23,1285,100
Main,Narrator,,67,miei,3,0.23,1285,100
Main,Narrator,,68,fu,3,0.23,1285,100
Main,Narrator,,69,altri,3,0.23,1285,100
Main,Narrator,,70,no,3,0.23,1285,100
Main,Narrator,,71,essere,3,0.23,1285,100
Main,Narrator,,72,tardi,3,0.23,1285,100
Main,Narrator,,73,sei,3,0.23,1285,100
Main,Narrator,,74,mariam,3,0.23,1285,100
Main,Narrator,,75,nome,3,0.23,1285,100
Main,Narrator,,76,due,3,0.23,1285,100
Main,Narrator,,77,anno,3,0.23,1285,100
Main,Narrator,,78,terra,3,0.23,1285,100
Main,Narrator,,79,ricordo,3,0.23,1285,100
Main,Narrator,,80,giorni,3,0.23,1285,100
Main,Description,,1,e,221,5.68,3893,233
Main,Description,,2,che,109,2.8,3893,233
Main,Description,,3,era,87,2.23,3893,233
Main,Description,,4,non,49,1.26,3893,233
Main,Description,,5,si,42,1.08,3893,233
Main,Description,,6,l,37,0.95,3893,233
Main,Description,,7,i,34,0.87,3893,233
Main,Description,,8,più,33,0.85,3893,233
Main,Description,,9,erano,31,0.8,3893,233
Main,Description,,10,ma,27,0.69,3893,233
Main,Description,,11,come,24,0.62,3893,233
Main,Description,,12,suo,24,0.62,3893,233
Main,Description,,13,mi,23,0.59,3893,233
Main,Description,,14,aveva,22,0.57,3893,233
Main,Description,,15,c,22,0.57,3893,233
Main,Description,,16,sua,17,0.44,3893,233
Main,Description,,17,sempre,17,0.44,3893,233
Main,Description,,18,senza,17,0.44,3893,233
Main,Description,,19,alberi,16,0.41,3893,233
Main,Description,,20,due,15,0.39,3893,233
Main,Description,,21,forse,15,0.39,3893,233
Main,Description,,22,anche,15,0.39,3893,233
Main,Description,,23,quel,15,0.39,3893,233
Main,Description,,24,ancora,14,0.36,3893,233
Main,Description,,25,fiume,14,0.36,3893,233
Main,Description,,26,quella,14,0.36,3893,233
Main,Description,,27,occhi,14,0.36,3893,233
Main,Description,,28,là,13,0.33,3893,233
Main,Description,,29,loro,13,0.33,3893,233
Main,Description,,30,molto,13,0.33,3893,233
Main,Description,,31,sotto,12,0.31,3893,233
Main,Description,,32,cielo,12,0.31,3893,233
Main,Description,,33,dell,12,0.31,3893,233
Main,Description,,34,sole,12,0.31,3893,233
Main,Description,,35,valle,11,0.28,3893,233
Main,Description,,36,qualche,11,0.28,3893,233
Main,Description,,37,sentiero,11,0.28,3893,233
Main,Description,,38,vedevo,11,0.28,3893,233
Main,Description,,39,notte,11,0.28,3893,233
Main,Description,,40,già,11,0.28,3893,233
Main,Description,,41,perché,10,0.26,3893,233
Main,Description,,42,quelle,10,0.26,3893,233
Main,Description,,43,stava,10,0.26,3893,233
Main,Description,,44,s,10,0.26,3893,233
Main,Description,,45,guardava,10,0.26,3893,233
Main,Description,,46,mani,10,0.26,3893,233
Main,Description,,47,ora,10,0.26,3893,233
Main,Description,,48,suoi,9,0.23,3893,233
Main,Description,,49,nemmeno,8,0.21,3893,233
Main,Description,,50,quasi,8,0.21,3893,233
Main,Description,,51,se,8,0.21,3893,233
Main,Description,,52,donna,8,0.21,3893,233
Main,Description,,53,sembrava,8,0.21,3893,233
Main,Description,,54,prima,8,0.21,3893,233
Main,Description,,55,aria,8,0.21,3893,233
Main,Description,,56,all,8,0.21,3893,233
Main,Description,,57,quell,7,0.18,3893,233
Main,Description,,58,ogni,7,0.18,3893,233
Main,Description,,59,boscaglia,7,0.18,3893,233
Main,Description,,60,terra,7,0.18,3893,233
Main,Description,,61,soltanto,7,0.18,3893,233
Main,Description,,62,lungo,7,0.18,3893,233
Main,Description,,63,uomo,7,0.18,3893,233
Main,Description,,64,piazza,7,0.18,3893,233
Main,Description,,65,odore,7,0.18,3893,233
Main,Description,,66,spiazzo,7,0.18,3893,233
Main,Description,,67,bianco,6,0.15,3893,233
Main,Description,,68,appariva,6,0.15,3893,233
Main,Description,,69,ciglio,6,0.15,3893,233
Main,Description,,70,montagne,6,0.15,3893,233
Main,Description,,71,questa,6,0.15,3893,233
Main,Description,,72,luce,6,0.15,3893,233
Main,Description,,73,strada,6,0.15,3893,233
Main,Description,,74,d,6,0.15,3893,233
Main,Description,,75,acqua,6,0.15,3893,233
Main,Description,,76,tempo,6,0.15,3893,233
Main,Description,,77,faceva,6,0.15,3893,233
Main,Description,,78,appena,6,0.15,3893,233
Main,Description,,79,avevo,6,0.15,3893,233
Main,Description,,80,volto,6,0.15,3893,233
Main,Conqueror,,1,che,126,3.89,3236,224
Main,Conqueror,,2,e,116,3.58,3236,224
Main,Conqueror,,3,non,87,2.69,3236,224
Main,Conqueror,,4,si,45,1.39,3236,224
Main,Conqueror,,5,era,44,1.36,3236,224
Main,Conqueror,,6,l,36,1.11,3236,224
Main,Conqueror,,7,mi,32,0.99,3236,224
Main,Conqueror,,8,ma,30,0.93,3236,224
Main,Conqueror,,9,i,27,0.83,3236,224
Main,Conqueror,,10,forse,25,0.77,3236,224
Main,Conqueror,,11,voleva,23,0.71,3236,224
Main,Conqueror,,12,aveva,22,0.68,3236,224
Main,Conqueror,,13,sua,20,0.62,3236,224
Main,Conqueror,,14,anche,19,0.59,3236,224
Main,Conqueror,,15,suo,18,0.56,3236,224
Main,Conqueror,,16,come,17,0.53,3236,224
Main,Conqueror,,17,più,17,0.53,3236,224
Main,Conqueror,,18,o,17,0.53,3236,224
Main,Conqueror,,19,avrebbe,17,0.53,3236,224
Main,Conqueror,,20,quella,15,0.46,3236,224
Main,Conqueror,,21,mio,15,0.46,3236,224
Main,Conqueror,,22,lui,15,0.46,3236,224
Main,Conqueror,,23,avevo,15,0.46,3236,224
Main,Conqueror,,24,perché,15,0.46,3236,224
Main,Conqueror,,25,sarebbe,14,0.43,3236,224
Main,Conqueror,,26,tutti,14,0.43,3236,224
Main,Conqueror,,27,mia,14,0.43,3236,224
Main,Conqueror,,28,stava,12,0.37,3236,224
Main,Conqueror,,29,maggiore,12,0.37,3236,224
Main,Conqueror,,30,se,12,0.37,3236,224
Main,Conqueror,,31,io,12,0.37,3236,224
Main,Conqueror,,32,soldato,11,0.34,3236,224
Main,Conqueror,,33,suoi,11,0.34,3236,224
Main,Conqueror,,34,me,10,0.31,3236,224
Main,Conqueror,,35,quando,10,0.31,3236,224
Main,Conqueror,,36,due,10,0.31,3236,224
Main,Conqueror,,37,quel,10,0.31,3236,224
Main,Conqueror,,38,sapeva,10,0.31,3236,224
Main,Conqueror,,39,senza,9,0.28,3236,224
Main,Conqueror,,40,s,9,0.28,3236,224
Main,Conqueror,,41,loro,9,0.28,3236,224
Main,Conqueror,,42,ora,9,0.28,3236,224
Main,Conqueror,,43,tutto,9,0.28,3236,224
Main,Conqueror,,44,ormai,8,0.25,3236,224
Main,Conqueror,,45,soltanto,8,0.25,3236,224
Main,Conqueror,,46,certo,8,0.25,3236,224
Main,Conqueror,,47,soldati,8,0.25,3236,224
Main,Conqueror,,48,ogni,8,0.25,3236,224
Main,Conqueror,,49,dopo,8,0.25,3236,224
Main,Conqueror,,50,prima,8,0.25,3236,224
Main,Conqueror,,51,ero,8,0.25,3236,224
Main,Conqueror,,52,già,8,0.25,3236,224
Main,Conqueror,,53,tenda,7,0.22,3236,224
Main,Conqueror,,54,donna,7,0.22,3236,224
Main,Conqueror,,55,essere,7,0.22,3236,224
Main,Conqueror,,56,molto,7,0.22,3236,224
Main,Conqueror,,57,stato,7,0.22,3236,224
Main,Conqueror,,58,dottore,7,0.22,3236,224
Main,Conqueror,,59,avrei,7,0.22,3236,224
Main,Conqueror,,60,contrabbandiere,7,0.22,3236,224
Main,Conqueror,,61,pensava,7,0.22,3236,224
Main,Conqueror,,62,soddisfatto,6,0.19,3236,224
Main,Conqueror,,63,generale,6,0.19,3236,224
Main,Conqueror,,64,sempre,6,0.19,3236,224
Main,Conqueror,,65,tanto,6,0.19,3236,224
Main,Conqueror,,66,ancora,6,0.19,3236,224
Main,Conqueror,,67,giorno,6,0.19,3236,224
Main,Conqueror,,68,sembrava,6,0.19,3236,224
Main,Conqueror,,69,nemmeno,6,0.19,3236,224
Main,Conqueror,,70,quei,6,0.19,3236,224
Main,Conqueror,,71,solo,6,0.19,3236,224
Main,Conqueror,,72,mano,5,0.15,3236,224
Main,Conqueror,,73,qualche,5,0.15,3236,224
Main,Conqueror,,74,poi,5,0.15,3236,224
Main,Conqueror,,75,nei,5,0.15,3236,224
Main,Conqueror,,76,tempo,5,0.15,3236,224
Main,Conqueror,,77,così,5,0.15,3236,224
Main,Conqueror,,78,occhi,5,0.15,3236,224
Main,Conqueror,,79,ai,5,0.15,3236,224
Main,Conqueror,,80,giovane,5,0.15,3236,224
Main,Indigenous,,1,e,252,4.23,5956,367
Main,Indigenous,,2,che,231,3.88,5956,367
Main,Indigenous,,3,non,167,2.8,5956,367
Main,Indigenous,,4,si,78,1.31,5956,367
Main,Indigenous,,5,era,77,1.29,5956,367
Main,Indigenous,,6,mi,69,1.16,5956,367
Main,Indigenous,,7,ma,67,1.12,5956,367
Main,Indigenous,,8,l,61,1.02,5956,367
Main,Indigenous,,9,aveva,56,0.94,5956,367
Main,Indigenous,,10,forse,47,0.79,5956,367
Main,Indigenous,,11,come,47,0.79,5956,367
Main,Indigenous,,12,se,40,0.67,5956,367
Main,Indigenous,,13,suo,39,0.65,5956,367
Main,Indigenous,,14,perché,39,0.65,5956,367
Main,Indigenous,,15,senza,38,0.64,5956,367
Main,Indigenous,,16,i,38,0.64,5956,367
Main,Indigenous,,17,più,38,0.64,5956,367
Main,Indigenous,,18,johannes,38,0.64,5956,367
Main,Indigenous,,19,mia,34,0.57,5956,367
Main,Indigenous,,20,sua,34,0.57,5956,367
Main,Indigenous,,21,loro,29,0.49,5956,367
Main,Indigenous,,22,lei,28,0.47,5956,367
Main,Indigenous,,23,quel,26,0.44,5956,367
Main,Indigenous,,24,o,24,0.4,5956,367
Main,Indigenous,,25,soltanto,24,0.4,5956,367
Main,Indigenous,,26,suoi,22,0.37,5956,367
Main,Indigenous,,27,io,22,0.37,5956,367
Main,Indigenous,,28,tempo,20,0.34,5956,367
Main,Indigenous,,29,avrebbe,20,0.34,5956,367
Main,Indigenous,,30,anche,19,0.32,5956,367
Main,Indigenous,,31,quella,19,0.32,5956,367
Main,Indigenous,,32,certo,19,0.32,5956,367
Main,Indigenous,,33,sempre,19,0.32,5956,367
Main,Indigenous,,34,occhi,18,0.3,5956,367
Main,Indigenous,,35,ne,17,0.29,5956,367
Main,Indigenous,,36,quando,17,0.29,5956,367
Main,Indigenous,,37,donna,17,0.29,5956,367
Main,Indigenous,,38,stava,17,0.29,5956,367
Main,Indigenous,,39,doveva,17,0.29,5956,367
Main,Indigenous,,40,ora,17,0.29,5956,367
Main,Indigenous,,41,sarebbe,16,0.27,5956,367
Main,Indigenous,,42,vecchio,16,0.27,5956,367
Main,Indigenous,,43,guardava,15,0.25,5956,367
Main,Indigenous,,44,s,15,0.25,5956,367
Main,Indigenous,,45,voleva,15,0.25,5956,367
Main,Indigenous,,46,tutto,14,0.24,5956,367
Main,Indigenous,,47,avevo,14,0.24,5956,367
Main,Indigenous,,48,nemmeno,14,0.24,5956,367
Main,Indigenous,,49,mio,14,0.24,5956,367
Main,Indigenous,,50,è,14,0.24,5956,367
Main,Indigenous,,51,dell,13,0.22,5956,367
Main,Indigenous,,52,sapeva,13,0.22,5956,367
Main,Indigenous,,53,me,13,0.22,5956,367
Main,Indigenous,,54,anzi,13,0.22,5956,367
Main,Indigenous,,55,così,13,0.22,5956,367
Main,Indigenous,,56,essere,13,0.22,5956,367
Main,Indigenous,,57,ancora,12,0.2,5956,367
Main,Indigenous,,58,cose,12,0.2,5956,367
Main,Indigenous,,59,questo,12,0.2,5956,367
Main,Indigenous,,60,nulla,12,0.2,5956,367
Main,Indigenous,,61,mano,12,0.2,5956,367
Main,Indigenous,,62,già,12,0.2,5956,367
Main,Indigenous,,63,erano,12,0.2,5956,367
Main,Indigenous,,64,sue,12,0.2,5956,367
Main,Indigenous,,65,verso,12,0.2,5956,367
Main,Indigenous,,66,mai,12,0.2,5956,367
Main,Indigenous,,67,capanna,11,0.18,5956,367
Main,Indigenous,,68,mani,11,0.18,5956,367
Main,Indigenous,,69,avevano,11,0.18,5956,367
Main,Indigenous,,70,ormai,11,0.18,5956,367
Main,Indigenous,,71,ai,11,0.18,5956,367
Main,Indigenous,,72,presenza,10,0.17,5956,367
Main,Indigenous,,73,modo,10,0.17,5956,367
Main,Indigenous,,74,qualcosa,10,0.17,5956,367
Main,Indigenous,,75,prima,10,0.17,5956,367
Main,Indigenous,,76,villaggio,10,0.17,5956,367
Main,Indigenous,,77,giorno,10,0.17,5956,367
Main,Indigenous,,78,quelle,10,0.17,5956,367
Main,Indigenous,,79,poi,10,0.17,5956,367
Main,Indigenous,,80,ciò,10,0.17,5956,367
Subcategory,Narrator,Indexicals,1,che,20,4.73,423,31
Subcategory,Narrator,Indexicals,2,e,17,4.02,423,31
Subcategory,Narrator,Indexicals,3,non,13,3.07,423,31
Subcategory,Narrator,Indexicals,4,ma,7,1.65,423,31
Subcategory,Narrator,Indexicals,5,l,7,1.65,423,31
Subcategory,Narrator,Indexicals,6,ho,6,1.42,423,31
Subcategory,Narrator,Indexicals,7,mi,6,1.42,423,31
Subcategory,Narrator,Indexicals,8,ti,6,1.42,423,31
Subcategory,Narrator,Indexicals,9,più,5,1.18,423,31
Subcategory,Narrator,Indexicals,10,si,5,1.18,423,31
Subcategory,Narrator,Indexicals,11,è,5,1.18,423,31
Subcategory,Narrator,Indexicals,12,era,5,1.18,423,31
Subcategory,Narrator,Indexicals,13,come,3,0.71,423,31
Subcategory,Narrator,Indexicals,14,mia,3,0.71,423,31
Subcategory,Narrator,Indexicals,15,ancora,3,0.71,423,31
Subcategory,Narrator,Indexicals,16,sei,3,0.71,423,31
Subcategory,Narrator,Indexicals,17,anche,3,0.71,423,31
Subcategory,Narrator,Indexicals,18,mai,3,0.71,423,31
Subcategory,Narrator,Indexicals,19,suppongo,3,0.71,423,31
Subcategory,Narrator,Indexicals,20,guardi,2,0.47,423,31
Subcategory,Narrator,Indexicals,21,dall,2,0.47,423,31
Subcategory,Narrator,Indexicals,22,sia,2,0.47,423,31
Subcategory,Narrator,Indexicals,23,tanto,2,0.47,423,31
Subcategory,Narrator,Indexicals,24,io,2,0.47,423,31
Subcategory,Narrator,Indexicals,25,soltanto,2,0.47,423,31
Subcategory,Narrator,Indexicals,26,comincio,2,0.47,423,31
Subcategory,Narrator,Indexicals,27,quel,2,0.47,423,31
Subcategory,Narrator,Indexicals,28,quella,2,0.47,423,31
Subcategory,Narrator,Indexicals,29,tuo,2,0.47,423,31
Subcategory,Narrator,Indexicals,30,ormai,2,0.47,423,31
Subcategory,Narrator,Indexicals,31,questa,2,0.47,423,31
Subcategory,Narrator,Indexicals,32,uomo,2,0.47,423,31
Subcategory,Narrator,Indexicals,33,cosa,2,0.47,423,31
Subcategory,Narrator,Indexicals,34,essere,2,0.47,423,31
Subcategory,Narrator,Indexicals,35,ora,2,0.47,423,31
Subcategory,Narrator,Indexicals,36,hai,2,0.47,423,31
Subcategory,Narrator,Indexicals,37,passi,2,0.47,423,31
Subcategory,Narrator,Indexicals,38,tutto,2,0.47,423,31
Subcategory,Narrator,Indexicals,39,altri,2,0.47,423,31
Subcategory,Narrator,Indexicals,40,ricordo,2,0.47,423,31
Subcategory,Narrator,Indexicals,41,c,2,0.47,423,31
Subcategory,Narrator,Indexicals,42,erano,2,0.47,423,31
Subcategory,Narrator,Indexicals,43,tutte,2,0.47,423,31
Subcategory,Narrator,Indexicals,44,sempre,2,0.47,423,31
Subcategory,Narrator,Indexicals,45,o,2,0.47,423,31
Subcategory,Narrator,Indexicals,46,due,2,0.47,423,31
Subcategory,Narrator,Indexicals,47,quando,2,0.47,423,31
Subcategory,Narrator,Indexicals,48,persone,2,0.47,423,31
Subcategory,Narrator,Indexicals,49,stimato,2,0.47,423,31
Subcategory,Narrator,Indexicals,50,dopo,2,0.47,423,31
Subcategory,Narrator,Indexicals,51,quanti,2,0.47,423,31
Subcategory,Narrator,Indexicals,52,persino,2,0.47,423,31
Subcategory,Narrator,Indexicals,53,aperta,2,0.47,423,31
Subcategory,Narrator,Indexicals,54,troppa,1,0.24,423,31
Subcategory,Narrator,Indexicals,55,fiducia,1,0.24,423,31
Subcategory,Narrator,Indexicals,56,scorciatoie,1,0.24,423,31
Subcategory,Narrator,Indexicals,57,africane,1,0.24,423,31
Subcategory,Narrator,Indexicals,58,cielo,1,0.24,423,31
Subcategory,Narrator,Indexicals,59,insinuare,1,0.24,423,31
Subcategory,Narrator,Indexicals,60,sospetto,1,0.24,423,31
Subcategory,Narrator,Indexicals,61,egli,1,0.24,423,31
Subcategory,Narrator,Indexicals,62,semplice,1,0.24,423,31
Subcategory,Narrator,Indexicals,63,comparsa,1,0.24,423,31
Subcategory,Narrator,Indexicals,64,suo,1,0.24,423,31
Subcategory,Narrator,Indexicals,65,intervento,1,0.24,423,31
Subcategory,Narrator,Indexicals,66,debba,1,0.24,423,31
Subcategory,Narrator,Indexicals,67,quanto,1,0.24,423,31
Subcategory,Narrator,Indexicals,68,seguì,1,0.24,423,31
Subcategory,Narrator,Indexicals,69,girano,1,0.24,423,31
Subcategory,Narrator,Indexicals,70,solo,1,0.24,423,31
Subcategory,Narrator,Indexicals,71,notte,1,0.24,423,31
Subcategory,Narrator,Indexicals,72,ed,1,0.24,423,31
Subcategory,Narrator,Indexicals,73,peccato,1,0.24,423,31
Subcategory,Narrator,Indexicals,74,vadano,1,0.24,423,31
Subcategory,Narrator,Indexicals,75,parlando,1,0.24,423,31
Subcategory,Narrator,Indexicals,76,letteratura,1,0.24,423,31
Subcategory,Narrator,Indexicals,77,amici,1,0.24,423,31
Subcategory,Narrator,Indexicals,78,lasciati,1,0.24,423,31
Subcategory,Narrator,Indexicals,79,lassù,1,0.24,423,31
Subcategory,Narrator,Indexicals,80,altrimenti,1,0.24,423,31
Subcategory,Narrator,Judgement,1,che,15,3.68,408,32
Subcategory,Narrator,Judgement,2,e,15,3.68,408,32
Subcategory,Narrator,Judgement,3,non,10,2.45,408,32
Subcategory,Narrator,Judgement,4,ma,6,1.47,408,32
Subcategory,Narrator,Judgement,5,forse,5,1.23,408,32
Subcategory,Narrator,Judgement,6,più,5,1.23,408,32
Subcategory,Narrator,Judgement,7,questo,5,1.23,408,32
Subcategory,Narrator,Judgement,8,i,5,1.23,408,32
Subcategory,Narrator,Judgement,9,mi,5,1.23,408,32
Subcategory,Narrator,Judgement,10,erano,4,0.98,408,32
Subcategory,Narrator,Judgement,11,già,4,0.98,408,32
Subcategory,Narrator,Judgement,12,quel,4,0.98,408,32
Subcategory,Narrator,Judgement,13,lei,4,0.98,408,32
Subcategory,Narrator,Judgement,14,o,4,0.98,408,32
Subcategory,Narrator,Judgement,15,pensieri,4,0.98,408,32
Subcategory,Narrator,Judgement,16,era,4,0.98,408,32
Subcategory,Narrator,Judgement,17,forza,4,0.98,408,32
Subcategory,Narrator,Judgement,18,l,3,0.74,408,32
Subcategory,Narrator,Judgement,19,ora,3,0.74,408,32
Subcategory,Narrator,Judgement,20,parole,3,0.74,408,32
Subcategory,Narrator,Judgement,21,miei,3,0.74,408,32
Subcategory,Narrator,Judgement,22,troppo,3,0.74,408,32
Subcategory,Narrator,Judgement,23,loro,3,0.74,408,32
Subcategory,Narrator,Judgement,24,ne,3,0.74,408,32
Subcategory,Narrator,Judgement,25,questa,3,0.74,408,32
Subcategory,Narrator,Judgement,26,anno,3,0.74,408,32
Subcategory,Narrator,Judgement,27,quella,2,0.49,408,32
Subcategory,Narrator,Judgement,28,donne,2,0.49,408,32
Subcategory,Narrator,Judgement,29,pelle,2,0.49,408,32
Subcategory,Narrator,Judgement,30,così,2,0.49,408,32
Subcategory,Narrator,Judgement,31,ha,2,0.49,408,32
Subcategory,Narrator,Judgement,32,si,2,0.49,408,32
Subcategory,Narrator,Judgement,33,avrei,2,0.49,408,32
Subcategory,Narrator,Judgement,34,senza,2,0.49,408,32
Subcategory,Narrator,Judgement,35,stava,2,0.49,408,32
Subcategory,Narrator,Judgement,36,sentivo,2,0.49,408,32
Subcategory,Narrator,Judgement,37,quelli,2,0.49,408,32
Subcategory,Narrator,Judgement,38,quegli,2,0.49,408,32
Subcategory,Narrator,Judgement,39,momento,2,0.49,408,32
Subcategory,Narrator,Judgement,40,potevo,2,0.49,408,32
Subcategory,Narrator,Judgement,41,poi,2,0.49,408,32
Subcategory,Narrator,Judgement,42,colpa,2,0.49,408,32
Subcategory,Narrator,Judgement,43,nervi,2,0.49,408,32
Subcategory,Narrator,Judgement,44,notte,2,0.49,408,32
Subcategory,Narrator,Judgement,45,mia,2,0.49,408,32
Subcategory,Narrator,Judgement,46,degna,2,0.49,408,32
Subcategory,Narrator,Judgement,47,ecco,2,0.49,408,32
Subcategory,Narrator,Judgement,48,proprio,2,0.49,408,32
Subcategory,Narrator,Judgement,49,facevo,2,0.49,408,32
Subcategory,Narrator,Judgement,50,legge,2,0.49,408,32
Subcategory,Narrator,Judgement,51,qualcosa,2,0.49,408,32
Subcategory,Narrator,Judgement,52,veramente,2,0.49,408,32
Subcategory,Narrator,Judgement,53,impazienza,1,0.25,408,32
Subcategory,Narrator,Judgement,54,nevralgia,1,0.25,408,32
Subcategory,Narrator,Judgement,55,questi,1,0.25,408,32
Subcategory,Narrator,Judgement,56,rottami,1,0.25,408,32
Subcategory,Narrator,Judgement,57,buoni,1,0.25,408,32
Subcategory,Narrator,Judgement,58,propositi,1,0.25,408,32
Subcategory,Narrator,Judgement,59,riuscivo,1,0.25,408,32
Subcategory,Narrator,Judgement,60,controllare,1,0.25,408,32
Subcategory,Narrator,Judgement,61,badai,1,0.25,408,32
Subcategory,Narrator,Judgement,62,particolare,1,0.25,408,32
Subcategory,Narrator,Judgement,63,sorprendente,1,0.25,408,32
Subcategory,Narrator,Judgement,64,boscaglia,1,0.25,408,32
Subcategory,Narrator,Judgement,65,soltanto,1,0.25,408,32
Subcategory,Narrator,Judgement,66,montagne,1,0.25,408,32
Subcategory,Narrator,Judgement,67,gondar,1,0.25,408,32
Subcategory,Narrator,Judgement,68,avevo,1,0.25,408,32
Subcategory,Narrator,Judgement,69,incontrato,1,0.25,408,32
Subcategory,Narrator,Judgement,70,chiara,1,0.25,408,32
Subcategory,Narrator,Judgement,71,dove,1,0.25,408,32
Subcategory,Narrator,Judgement,72,suppongo,1,0.25,408,32
Subcategory,Narrator,Judgement,73,dominazione,1,0.25,408,32
Subcategory,Narrator,Judgement,74,portoghese,1,0.25,408,32
Subcategory,Narrator,Judgement,75,schiarito,1,0.25,408,32
Subcategory,Narrator,Judgement,76,desideri,1,0.25,408,32
Subcategory,Narrator,Judgement,77,incontrano,1,0.25,408,32
Subcategory,Narrator,Judgement,78,ci,1,0.25,408,32
Subcategory,Narrator,Judgement,79,penso,1,0.25,408,32
Subcategory,Narrator,Judgement,80,turbante,1,0.25,408,32
Subcategory,Narrator,Knowledge,1,che,19,4.19,454,37
Subcategory,Narrator,Knowledge,2,non,14,3.08,454,37
Subcategory,Narrator,Knowledge,3,e,12,2.64,454,37
Subcategory,Narrator,Knowledge,4,era,9,1.98,454,37
Subcategory,Narrator,Knowledge,5,quel,7,1.54,454,37
Subcategory,Narrator,Knowledge,6,soltanto,6,1.32,454,37
Subcategory,Narrator,Knowledge,7,mi,6,1.32,454,37
Subcategory,Narrator,Knowledge,8,l,6,1.32,454,37
Subcategory,Narrator,Knowledge,9,avrei,5,1.1,454,37
Subcategory,Narrator,Knowledge,10,dopo,5,1.1,454,37
Subcategory,Narrator,Knowledge,11,ero,5,1.1,454,37
Subcategory,Narrator,Knowledge,12,si,5,1.1,454,37
Subcategory,Narrator,Knowledge,13,più,4,0.88,454,37
Subcategory,Narrator,Knowledge,14,ma,4,0.88,454,37
Subcategory,Narrator,Knowledge,15,quella,4,0.88,454,37
Subcategory,Narrator,Knowledge,16,quando,4,0.88,454,37
Subcategory,Narrator,Knowledge,17,ogni,3,0.66,454,37
Subcategory,Narrator,Knowledge,18,forse,3,0.66,454,37
Subcategory,Narrator,Knowledge,19,io,3,0.66,454,37
Subcategory,Narrator,Knowledge,20,seppi,3,0.66,454,37
Subcategory,Narrator,Knowledge,21,avrebbe,3,0.66,454,37
Subcategory,Narrator,Knowledge,22,mai,3,0.66,454,37
Subcategory,Narrator,Knowledge,23,troppo,3,0.66,454,37
Subcategory,Narrator,Knowledge,24,me,3,0.66,454,37
Subcategory,Narrator,Knowledge,25,donna,3,0.66,454,37
Subcategory,Narrator,Knowledge,26,tardi,3,0.66,454,37
Subcategory,Narrator,Knowledge,27,mariam,3,0.66,454,37
Subcategory,Narrator,Knowledge,28,tutte,3,0.66,454,37
Subcategory,Narrator,Knowledge,29,così,3,0.66,454,37
Subcategory,Narrator,Knowledge,30,momento,3,0.66,454,37
Subcategory,Narrator,Knowledge,31,potevo,3,0.66,454,37
Subcategory,Narrator,Knowledge,32,giorni,3,0.66,454,37
Subcategory,Narrator,Knowledge,33,allora,2,0.44,454,37
Subcategory,Narrator,Knowledge,34,ho,2,0.44,454,37
Subcategory,Narrator,Knowledge,35,sua,2,0.44,454,37
Subcategory,Narrator,Knowledge,36,questa,2,0.44,454,37
Subcategory,Narrator,Knowledge,37,desideroso,2,0.44,454,37
Subcategory,Narrator,Knowledge,38,o,2,0.44,454,37
Subcategory,Narrator,Knowledge,39,darmi,2,0.44,454,37
Subcategory,Narrator,Knowledge,40,tutto,2,0.44,454,37
Subcategory,Narrator,Knowledge,41,avevo,2,0.44,454,37
Subcategory,Narrator,Knowledge,42,confessarmi,2,0.44,454,37
Subcategory,Narrator,Knowledge,43,fu,2,0.44,454,37
Subcategory,Narrator,Knowledge,44,questo,2,0.44,454,37
Subcategory,Narrator,Knowledge,45,credo,2,0.44,454,37
Subcategory,Narrator,Knowledge,46,no,2,0.44,454,37
Subcategory,Narrator,Knowledge,47,qualcosa,2,0.44,454,37
Subcategory,Narrator,Knowledge,48,ancora,2,0.44,454,37
Subcategory,Narrator,Knowledge,49,vicino,2,0.44,454,37
Subcategory,Narrator,Knowledge,50,ne,2,0.44,454,37
Subcategory,Narrator,Knowledge,51,infatti,2,0.44,454,37
Subcategory,Narrator,Knowledge,52,suo,2,0.44,454,37
Subcategory,Narrator,Knowledge,53,nome,2,0.44,454,37
Subcategory,Narrator,Knowledge,54,spavento,2,0.44,454,37
Subcategory,Narrator,Knowledge,55,quest,2,0.44,454,37
Subcategory,Narrator,Knowledge,56,bestia,2,0.44,454,37
Subcategory,Narrator,Knowledge,57,domanda,2,0.44,454,37
Subcategory,Narrator,Knowledge,58,già,2,0.44,454,37
Subcategory,Narrator,Knowledge,59,rivisto,2,0.44,454,37
Subcategory,Narrator,Knowledge,60,ed,2,0.44,454,37
Subcategory,Narrator,Knowledge,61,ragione,2,0.44,454,37
Subcategory,Narrator,Knowledge,62,ci,2,0.44,454,37
Subcategory,Narrator,Knowledge,63,sempre,2,0.44,454,37
Subcategory,Narrator,Knowledge,64,sentivo,2,0.44,454,37
Subcategory,Narrator,Knowledge,65,d,1,0.22,454,37
Subcategory,Narrator,Knowledge,66,li,1,0.22,454,37
Subcategory,Narrator,Knowledge,67,rivisti,1,0.22,454,37
Subcategory,Narrator,Knowledge,68,spesso,1,0.22,454,37
Subcategory,Narrator,Knowledge,69,ripensato,1,0.22,454,37
Subcategory,Narrator,Knowledge,70,giovane,1,0.22,454,37
Subcategory,Narrator,Knowledge,71,doveva,1,0.22,454,37
Subcategory,Narrator,Knowledge,72,avere,1,0.22,454,37
Subcategory,Narrator,Knowledge,73,anima,1,0.22,454,37
Subcategory,Narrator,Knowledge,74,servizievole,1,0.22,454,37
Subcategory,Narrator,Knowledge,75,cameriere,1,0.22,454,37
Subcategory,Narrator,Knowledge,76,vorrei,1,0.22,454,37
Subcategory,Narrator,Knowledge,77,dissipare,1,0.22,454,37
Subcategory,Narrator,Knowledge,78,dubbio,1,0.22,454,37
Subcategory,Narrator,Knowledge,79,sull,1,0.22,454,37
Subcategory,Narrator,Knowledge,80,importanza,1,0.22,454,37
Subcategory,Description,Indigenous,1,e,46,5.12,898,60
Subcategory,Description,Indigenous,2,era,23,2.56,898,60
Subcategory,Description,Indigenous,3,che,21,2.34,898,60
Subcategory,Description,Indigenous,4,non,12,1.34,898,60
Subcategory,Description,Indigenous,5,si,11,1.22,898,60
Subcategory,Description,Indigenous,6,come,11,1.22,898,60
Subcategory,Description,Indigenous,7,aveva,9,1.0,898,60
Subcategory,Description,Indigenous,8,suo,8,0.89,898,60
Subcategory,Description,Indigenous,9,erano,8,0.89,898,60
Subcategory,Description,Indigenous,10,loro,8,0.89,898,60
Subcategory,Description,Indigenous,11,donna,7,0.78,898,60
Subcategory,Description,Indigenous,12,mani,7,0.78,898,60
Subcategory,Description,Indigenous,13,i,7,0.78,898,60
Subcategory,Description,Indigenous,14,suoi,7,0.78,898,60
Subcategory,Description,Indigenous,15,occhi,7,0.78,898,60
Subcategory,Description,Indigenous,16,mi,6,0.67,898,60
Subcategory,Description,Indigenous,17,l,6,0.67,898,60
Subcategory,Description,Indigenous,18,sua,6,0.67,898,60
Subcategory,Description,Indigenous,19,odore,6,0.67,898,60
Subcategory,Description,Indigenous,20,senza,5,0.56,898,60
Subcategory,Description,Indigenous,21,quel,5,0.56,898,60
Subcategory,Description,Indigenous,22,ma,5,0.56,898,60
Subcategory,Description,Indigenous,23,due,5,0.56,898,60
Subcategory,Description,Indigenous,24,c,4,0.45,898,60
Subcategory,Description,Indigenous,25,molto,4,0.45,898,60
Subcategory,Description,Indigenous,26,capelli,4,0.45,898,60
Subcategory,Description,Indigenous,27,piedi,4,0.45,898,60
Subcategory,Description,Indigenous,28,appena,4,0.45,898,60
Subcategory,Description,Indigenous,29,terra,3,0.33,898,60
Subcategory,Description,Indigenous,30,guardava,3,0.33,898,60
Subcategory,Description,Indigenous,31,mano,3,0.33,898,60
Subcategory,Description,Indigenous,32,stava,3,0.33,898,60
Subcategory,Description,Indigenous,33,animale,3,0.33,898,60
Subcategory,Description,Indigenous,34,lavarsi,3,0.33,898,60
Subcategory,Description,Indigenous,35,pelle,3,0.33,898,60
Subcategory,Description,Indigenous,36,chiara,3,0.33,898,60
Subcategory,Description,Indigenous,37,turbante,3,0.33,898,60
Subcategory,Description,Indigenous,38,soltanto,3,0.33,898,60
Subcategory,Description,Indigenous,39,grandi,3,0.33,898,60
Subcategory,Description,Indigenous,40,più,3,0.33,898,60
Subcategory,Description,Indigenous,41,teneva,3,0.33,898,60
Subcategory,Description,Indigenous,42,sempre,3,0.33,898,60
Subcategory,Description,Indigenous,43,socchiusi,3,0.33,898,60
Subcategory,Description,Indigenous,44,volto,3,0.33,898,60
Subcategory,Description,Indigenous,45,quelle,3,0.33,898,60
Subcategory,Description,Indigenous,46,bimbo,3,0.33,898,60
Subcategory,Description,Indigenous,47,lungo,3,0.33,898,60
Subcategory,Description,Indigenous,48,là,3,0.33,898,60
Subcategory,Description,Indigenous,49,ai,3,0.33,898,60
Subcategory,Description,Indigenous,50,qualche,3,0.33,898,60
Subcategory,Description,Indigenous,51,seduto,2,0.22,898,60
Subcategory,Description,Indigenous,52,s,2,0.22,898,60
Subcategory,Description,Indigenous,53,appoggiato,2,0.22,898,60
Subcategory,Description,Indigenous,54,proprio,2,0.22,898,60
Subcategory,Description,Indigenous,55,me,2,0.22,898,60
Subcategory,Description,Indigenous,56,lavandosi,2,0.22,898,60
Subcategory,Description,Indigenous,57,buon,2,0.22,898,60
Subcategory,Description,Indigenous,58,domestico,2,0.22,898,60
Subcategory,Description,Indigenous,59,alzava,2,0.22,898,60
Subcategory,Description,Indigenous,60,acqua,2,0.22,898,60
Subcategory,Description,Indigenous,61,cadere,2,0.22,898,60
Subcategory,Description,Indigenous,62,gesto,2,0.22,898,60
Subcategory,Description,Indigenous,63,quasi,2,0.22,898,60
Subcategory,Description,Indigenous,64,corpo,2,0.22,898,60
Subcategory,Description,Indigenous,65,specie,2,0.22,898,60
Subcategory,Description,Indigenous,66,bianco,2,0.22,898,60
Subcategory,Description,Indigenous,67,ventre,2,0.22,898,60
Subcategory,Description,Indigenous,68,accorsi,2,0.22,898,60
Subcategory,Description,Indigenous,69,giovane,2,0.22,898,60
Subcategory,Description,Indigenous,70,potevo,2,0.22,898,60
Subcategory,Description,Indigenous,71,noia,2,0.22,898,60
Subcategory,Description,Indigenous,72,calda,2,0.22,898,60
Subcategory,Description,Indigenous,73,vedevo,2,0.22,898,60
Subcategory,Description,Indigenous,74,sangue,2,0.22,898,60
Subcategory,Description,Indigenous,75,denso,2,0.22,898,60
Subcategory,Description,Indigenous,76,questa,2,0.22,898,60
Subcategory,Description,Indigenous,77,così,2,0.22,898,60
Subcategory,Description,Indigenous,78,coi,2,0.22,898,60
Subcategory,Description,Indigenous,79,allora,2,0.22,898,60
Subcategory,Description,Indigenous,80,pupille,2,0.22,898,60
Subcategory,Description,Landscape,1,e,143,5.86,2442,140
Subcategory,Description,Landscape,2,che,66,2.7,2442,140
Subcategory,Description,Landscape,3,era,49,2.01,2442,140
Subcategory,Description,Landscape,4,non,33,1.35,2442,140
Subcategory,Description,Landscape,5,l,26,1.06,2442,140
Subcategory,Description,Landscape,6,più,26,1.06,2442,140
Subcategory,Description,Landscape,7,i,24,0.98,2442,140
Subcategory,Description,Landscape,8,si,23,0.94,2442,140
Subcategory,Description,Landscape,9,erano,23,0.94,2442,140
Subcategory,Description,Landscape,10,ma,19,0.78,2442,140
Subcategory,Description,Landscape,11,c,18,0.74,2442,140
Subcategory,Description,Landscape,12,alberi,15,0.61,2442,140
Subcategory,Description,Landscape,13,fiume,14,0.57,2442,140
Subcategory,Description,Landscape,14,mi,14,0.57,2442,140
Subcategory,Description,Landscape,15,come,13,0.53,2442,140
Subcategory,Description,Landscape,16,quella,13,0.53,2442,140
Subcategory,Description,Landscape,17,sempre,12,0.49,2442,140
Subcategory,Description,Landscape,18,sole,12,0.49,2442,140
Subcategory,Description,Landscape,19,valle,11,0.45,2442,140
Subcategory,Description,Landscape,20,cielo,11,0.45,2442,140
Subcategory,Description,Landscape,21,dell,11,0.45,2442,140
Subcategory,Description,Landscape,22,forse,11,0.45,2442,140
Subcategory,Description,Landscape,23,sentiero,11,0.45,2442,140
Subcategory,Description,Landscape,24,anche,10,0.41,2442,140
Subcategory,Description,Landscape,25,senza,10,0.41,2442,140
Subcategory,Description,Landscape,26,ancora,9,0.37,2442,140
Subcategory,Description,Landscape,27,sotto,9,0.37,2442,140
Subcategory,Description,Landscape,28,perché,9,0.37,2442,140
Subcategory,Description,Landscape,29,molto,9,0.37,2442,140
Subcategory,Description,Landscape,30,notte,9,0.37,2442,140
Subcategory,Description,Landscape,31,già,9,0.37,2442,140
Subcategory,Description,Landscape,32,là,8,0.33,2442,140
Subcategory,Description,Landscape,33,qualche,8,0.33,2442,140
Subcategory,Description,Landscape,34,due,8,0.33,2442,140
Subcategory,Description,Landscape,35,vedevo,8,0.33,2442,140
Subcategory,Description,Landscape,36,quel,8,0.33,2442,140
Subcategory,Description,Landscape,37,quell,7,0.29,2442,140
Subcategory,Description,Landscape,38,nemmeno,7,0.29,2442,140
Subcategory,Description,Landscape,39,aveva,7,0.29,2442,140
Subcategory,Description,Landscape,40,boscaglia,7,0.29,2442,140
Subcategory,Description,Landscape,41,stava,7,0.29,2442,140
Subcategory,Description,Landscape,42,prima,7,0.29,2442,140
Subcategory,Description,Landscape,43,all,7,0.29,2442,140
Subcategory,Description,Landscape,44,ora,7,0.29,2442,140
Subcategory,Description,Landscape,45,suo,7,0.29,2442,140
Subcategory,Description,Landscape,46,piazza,7,0.29,2442,140
Subcategory,Description,Landscape,47,spiazzo,7,0.29,2442,140
Subcategory,Description,Landscape,48,sua,6,0.25,2442,140
Subcategory,Description,Landscape,49,appariva,6,0.25,2442,140
Subcategory,Description,Landscape,50,ciglio,6,0.25,2442,140
Subcategory,Description,Landscape,51,montagne,6,0.25,2442,140
Subcategory,Description,Landscape,52,strada,6,0.25,2442,140
Subcategory,Description,Landscape,53,se,6,0.25,2442,140
Subcategory,Description,Landscape,54,quelle,6,0.25,2442,140
Subcategory,Description,Landscape,55,coccodrillo,5,0.2,2442,140
Subcategory,Description,Landscape,56,luce,5,0.2,2442,140
Subcategory,Description,Landscape,57,dopo,5,0.2,2442,140
Subcategory,Description,Landscape,58,d,5,0.2,2442,140
Subcategory,Description,Landscape,59,quasi,5,0.2,2442,140
Subcategory,Description,Landscape,60,s,5,0.2,2442,140
Subcategory,Description,Landscape,61,primo,5,0.2,2442,140
Subcategory,Description,Landscape,62,giorno,5,0.2,2442,140
Subcategory,Description,Landscape,63,loro,5,0.2,2442,140
Subcategory,Description,Landscape,64,dove,5,0.2,2442,140
Subcategory,Description,Landscape,65,anzi,5,0.2,2442,140
Subcategory,Description,Landscape,66,aria,5,0.2,2442,140
Subcategory,Description,Landscape,67,fondo,5,0.2,2442,140
Subcategory,Description,Landscape,68,avevo,5,0.2,2442,140
Subcategory,Description,Landscape,69,dall,5,0.2,2442,140
Subcategory,Description,Landscape,70,sembrava,5,0.2,2442,140
Subcategory,Description,Landscape,71,avrei,5,0.2,2442,140
Subcategory,Description,Landscape,72,affluente,5,0.2,2442,140
Subcategory,Description,Landscape,73,mulo,5,0.2,2442,140
Subcategory,Description,Landscape,74,piante,4,0.16,2442,140
Subcategory,Description,Landscape,75,o,4,0.16,2442,140
Subcategory,Description,Landscape,76,ogni,4,0.16,2442,140
Subcategory,Description,Landscape,77,parte,4,0.16,2442,140
Subcategory,Description,Landscape,78,verso,4,0.16,2442,140
Subcategory,Description,Landscape,79,poche,4,0.16,2442,140
Subcategory,Description,Landscape,80,acqua,4,0.16,2442,140
Subcategory,Description,Soldier,1,e,32,5.79,553,33
Subcategory,Description,Soldier,2,che,22,3.98,553,33
Subcategory,Description,Soldier,3,era,15,2.71,553,33
Subcategory,Description,Soldier,4,suo,9,1.63,553,33
Subcategory,Description,Soldier,5,si,8,1.45,553,33
Subcategory,Description,Soldier,6,aveva,6,1.08,553,33
Subcategory,Description,Soldier,7,uomo,6,1.08,553,33
Subcategory,Description,Soldier,8,l,5,0.9,553,33
Subcategory,Description,Soldier,9,sua,5,0.9,553,33
Subcategory,Description,Soldier,10,occhi,5,0.9,553,33
Subcategory,Description,Soldier,11,ancora,4,0.72,553,33
Subcategory,Description,Soldier,12,non,4,0.72,553,33
Subcategory,Description,Soldier,13,più,4,0.72,553,33
Subcategory,Description,Soldier,14,forse,3,0.54,553,33
Subcategory,Description,Soldier,15,s,3,0.54,553,33
Subcategory,Description,Soldier,16,grosso,3,0.54,553,33
Subcategory,Description,Soldier,17,mani,3,0.54,553,33
Subcategory,Description,Soldier,18,dietro,3,0.54,553,33
Subcategory,Description,Soldier,19,ma,3,0.54,553,33
Subcategory,Description,Soldier,20,anche,3,0.54,553,33
Subcategory,Description,Soldier,21,testa,3,0.54,553,33
Subcategory,Description,Soldier,22,mi,3,0.54,553,33
Subcategory,Description,Soldier,23,faceva,3,0.54,553,33
Subcategory,Description,Soldier,24,i,3,0.54,553,33
Subcategory,Description,Soldier,25,aria,3,0.54,553,33
Subcategory,Description,Soldier,26,guardava,3,0.54,553,33
Subcategory,Description,Soldier,27,altro,3,0.54,553,33
Subcategory,Description,Soldier,28,faccia,2,0.36,553,33
Subcategory,Description,Soldier,29,sue,2,0.36,553,33
Subcategory,Description,Soldier,30,stivali,2,0.36,553,33
Subcategory,Description,Soldier,31,giornali,2,0.36,553,33
Subcategory,Description,Soldier,32,sembrava,2,0.36,553,33
Subcategory,Description,Soldier,33,così,2,0.36,553,33
Subcategory,Description,Soldier,34,alto,2,0.36,553,33
Subcategory,Description,Soldier,35,schiena,2,0.36,553,33
Subcategory,Description,Soldier,36,ogni,2,0.36,553,33
Subcategory,Description,Soldier,37,volto,2,0.36,553,33
Subcategory,Description,Soldier,38,quei,2,0.36,553,33
Subcategory,Description,Soldier,39,senza,2,0.36,553,33
Subcategory,Description,Soldier,40,quegli,2,0.36,553,33
Subcategory,Description,Soldier,41,sempre,2,0.36,553,33
Subcategory,Description,Soldier,42,eleganza,2,0.36,553,33
Subcategory,Description,Soldier,43,certo,2,0.36,553,33
Subcategory,Description,Soldier,44,ora,2,0.36,553,33
Subcategory,Description,Soldier,45,felice,2,0.36,553,33
Subcategory,Description,Soldier,46,gesto,2,0.36,553,33
Subcategory,Description,Soldier,47,mio,2,0.36,553,33
Subcategory,Description,Soldier,48,quel,2,0.36,553,33
Subcategory,Description,Soldier,49,già,2,0.36,553,33
Subcategory,Description,Soldier,50,bocca,2,0.36,553,33
Subcategory,Description,Soldier,51,tutto,2,0.36,553,33
Subcategory,Description,Soldier,52,là,2,0.36,553,33
Subcategory,Description,Soldier,53,seminudo,2,0.36,553,33
Subcategory,Description,Soldier,54,volevo,2,0.36,553,33
Subcategory,Description,Soldier,55,calzoncini,2,0.36,553,33
Subcategory,Description,Soldier,56,gambe,2,0.36,553,33
Subcategory,Description,Soldier,57,piroscafo,2,0.36,553,33
Subcategory,Description,Soldier,58,sguardo,2,0.36,553,33
Subcategory,Description,Soldier,59,carabiniere,2,0.36,553,33
Subcategory,Description,Soldier,60,rughe,2,0.36,553,33
Subcategory,Description,Soldier,61,due,2,0.36,553,33
Subcategory,Description,Soldier,62,asciugamano,2,0.36,553,33
Subcategory,Description,Soldier,63,ventre,2,0.36,553,33
Subcategory,Description,Soldier,64,petto,2,0.36,553,33
Subcategory,Description,Soldier,65,mascherava,2,0.36,553,33
Subcategory,Description,Soldier,66,libidine,2,0.36,553,33
Subcategory,Description,Soldier,67,quelle,1,0.18,553,33
Subcategory,Description,Soldier,68,facce,1,0.18,553,33
Subcategory,Description,Soldier,69,gentili,1,0.18,553,33
Subcategory,Description,Soldier,70,operaio,1,0.18,553,33
Subcategory,Description,Soldier,71,sono,1,0.18,553,33
Subcategory,Description,Soldier,72,viste,1,0.18,553,33
Subcategory,Description,Soldier,73,almeno,1,0.18,553,33
Subcategory,Description,Soldier,74,volta,1,0.18,553,33
Subcategory,Description,Soldier,75,affacciandosi,1,0.18,553,33
Subcategory,Description,Soldier,76,finestrino,1,0.18,553,33
Subcategory,Description,Soldier,77,treno,1,0.18,553,33
Subcategory,Description,Soldier,78,giovane,1,0.18,553,33
Subcategory,Description,Soldier,79,rotonda,1,0.18,553,33
Subcategory,Description,Soldier,80,paio,1,0.18,553,33
